observed_at,latitude,longitude,temperature_c,apparent_temperature_c,relative_humidity_pct,precipitation_mm,weather_code,wind_speed_kmh,wind_direction_deg
2026-08-27T10:30:00+09:00,35.18,128.11,29.8,36.7,78,0.0,1,1.5,166
2026-08-27T10:45:00+09:00,35.18,128.11,30.0,37.0,78,0.0,1,1.9,158
2026-08-28T16:00:00+09:00,35.18,128.11,27.1,33.9,95,0.4,61,5.0,120
2026-08-29T06:45:00+09:00,35.18,128.11,25.5,31.2,97,0.0,1,6.7,196
2026-08-29T07:00:00+09:00,35.18,128.11,25.6,31.5,97,0.0,1,6.8,198
2026-08-29T08:00:00+09:00,35.18,128.11,26.7,32.8,95,0.0,1,8.3,214
2026-08-29T09:00:00+09:00,35.18,128.11,28.5,34.5,86,0.0,0,9.9,224
2026-08-29T10:00:00+09:00,35.18,128.11,29.7,35.6,81,0.0,1,10.7,228
2026-08-29T11:00:00+09:00,35.18,128.11,30.3,36.1,78,0.0,2,11.6,216
